Subject_Name,Profile_Link
অনুবাদ,https://www.wafilife.com/cat/books/subject/onubad
অলিম্পিয়াড,https://www.wafilife.com/cat/books/subject/olympiad
আইন ও বিচার,https://www.wafilife.com/cat/books/subject/law-and-justice
আক্রান্ত মুসলিম ভূখণ্ড,https://www.wafilife.com/cat/books/subject/akranto-muslim-vukhondo
"আত্ম-উন্নয়ন, মোটিভেশনাল ও মেডিটেশন",https://www.wafilife.com/cat/books/subject/self-help-motivational-and-meditation
আরবি বিদেশী বই,https://www.wafilife.com/cat/books/subject/arabic-imported-books
আরবী ভাষা শিক্ষা,https://www.wafilife.com/cat/books/subject/আরবী-ভাষা-শিক্ষা
ইতিহাস ও ঐতিহ্য,https://www.wafilife.com/cat/books/subject/history-and-traditions
ইসলামি বই,https://www.wafilife.com/cat/books/subject/islamic-books
উপন্যাস,https://www.wafilife.com/cat/books/subject/shahitto-o-uponnash
উসমানী মুসহাফ,https://www.wafilife.com/cat/books/subject/uthmani-mushaf
একাডেমিক,https://www.wafilife.com/cat/books/subject/academic
"কমিকস, নকশা ও ছবির গল্প",https://www.wafilife.com/cat/books/subject/comics-noksha-o-chobir-golpo
"কম্পিউটার, ইন্টারনেট, ফ্রিল্যান্সিং ও আউটসোর্সিং",https://www.wafilife.com/cat/books/subject/কম্পিউটার-ও-তথ্য-প্রযুক্
কৃষি ও কৃষক,https://www.wafilife.com/cat/books/subject/krishi-o-krishok
খেলাধুলা,https://www.wafilife.com/cat/books/subject/sports
গণমাধ্যম ও সাংবাদিকতা,https://www.wafilife.com/cat/books/subject/গণমাধ্যম-ও-সাংবাদিকতা-বি
"গণিত, বিজ্ঞান ও প্রযুক্তি",https://www.wafilife.com/cat/books/subject/biggan-bishoyok
গল্প,https://www.wafilife.com/cat/books/subject/গল্প
"ছড়া, কবিতা ও আবৃত্তি",https://www.wafilife.com/cat/books/subject/chora-kobita-o-abritti
"জীবনী, স্মৃতিচারণ ও সাক্ষাৎকার",https://www.wafilife.com/cat/books/subject/biographies-memories-interviews
"ড্রয়িং, পেইন্টিং, ডিজাইন ও ফটোগ্রাফি",https://www.wafilife.com/cat/books/subject/drawing-painting-design-and-photography
দর্শন বিষয়ক বই,https://www.wafilife.com/cat/books/subject/দর্শন-বিষয়ক-বই
নাটক,https://www.wafilife.com/cat/books/subject/natok
নাটকের বই,https://www.wafilife.com/cat/books/subject/natoker-boi
পরিবার ও প্যারেন্টিং,https://www.wafilife.com/cat/books/subject/family-and-parenting
পরিবেশ ও প্রকৃতি,https://www.wafilife.com/cat/books/subject/পরিবেশ-ও-প্রকৃতি
পশ্চিমবঙ্গের বই,https://www.wafilife.com/cat/books/subject/west-bengal-books
"প্রফেশনাল, জার্নাল ও রেফারেন্স",https://www.wafilife.com/cat/books/subject/জার্নাল-ও-রেফারেন্স
প্রবন্ধ,https://www.wafilife.com/cat/books/subject/প্রবন্ধ
প্রাণী ও জীবজগৎ,https://www.wafilife.com/cat/books/subject/প্রাণী-ও-জীবজগৎ
ফ্যাশন ও রূপচর্চা,https://www.wafilife.com/cat/books/subject/fashion-and-beauty
বিদেশি ভাষার বই,https://www.wafilife.com/cat/books/subject/foreign-language-books
বিবিধ,https://www.wafilife.com/cat/books/subject/miscellaneous-books
ব্যঙ্গ ও রম্যরচনা,https://www.wafilife.com/cat/books/subject/humor-entertainment
"ব্যবসা, বিনিয়োগ ও অর্থনীতি",https://www.wafilife.com/cat/books/subject/business-investment-economics
"ভর্তি, নিয়োগ ও প্রস্তুতি পরীক্ষা",https://www.wafilife.com/cat/books/subject/admission-and-job-preparation
ভাষা ও অভিধান,https://www.wafilife.com/cat/books/subject/language-and-dictionary
ভ্রমণ,https://www.wafilife.com/cat/books/subject/ভ্রমণ
ম্যাগাজিন,https://www.wafilife.com/cat/books/subject/magazine
রচনাসমগ্র/সংকলন,https://www.wafilife.com/cat/books/subject/রচনা-সংকলন-ও-সমগ্র
"রহস্য, গোয়েন্দা, ভৌতিক, থ্রিলার ও অ্যাডভেঞ্চার",https://www.wafilife.com/cat/books/subject/mystery-detective-horror-thriller-and-adventure
"রান্নাবান্না, খাদ্য ও পুষ্টি",https://www.wafilife.com/cat/books/subject/খাদ্য-ও-পুষ্টি
শিশু,https://www.wafilife.com/cat/books/subject/শিশু-কিশোরদের-বই
"সংগীত, চলচ্চিত্র ও বিনোদন",https://www.wafilife.com/cat/books/subject/music-film-and-entertainment
"সমাজ, সভ্যতা ও সংস্কৃতি",https://www.wafilife.com/cat/books/subject/society-civilization-and-culture
সায়েন্স ফিকশন,https://www.wafilife.com/cat/books/subject/সায়েন্স-ফিকশন
"স্বাস্থ্য, পরিচর্যা ও রোগ নিরাময়",https://www.wafilife.com/cat/books/subject/চিকিৎসা
